{"cameraMode":{"drawMode":0,"name":"Shaded","section":"Shading Mode"},"sceneLighting":false,"audioPlay":false,"sceneViewState":{"m_AlwaysRefresh":false,"showFog":true,"showSkybox":false,"showFlares":true,"showImageEffects":true,"showParticleSystems":true,"showVisualEffectGraphs":true,"m_FxEnabled":true},"in2DMode":false,"pivot":{"x":-0.42945754528045657,"y":-1.6259242296218873,"z":11.442654609680176},"rotation":{"x":-0.30727431178092959,"y":-0.0033786098938435318,"z":0.0012055092956870795,"w":-0.9516758918762207},"size":11.927961349487305,"orthographic":false}